"Provider Of Individual Lessons","Product Name","Grades","Free Or Fee","location"
"A to Z Kids Stuff","Lessons and activities on money","'prek-5","some free","http://www.atozkidsstuff.com/money.html"
"The BizWorld Foundation","BizWorld program: applied activities","3-8","Fee","http://www.bizworld.org/programs/index.html"
"The BizWorld Foundation","BizWorld program: applied activities","5-8","Fee","http://www.bizworld.org/programs/index.html"
"Classroom, Inc.","Career simulations in finance","6-12","Fee","http://www.classroominc.org/node/7"
"Consumer Action and Capital One Bank","MoneyWi$e lesson modules","6-12","Fee","http://www.money-wise.org/"
"Discovery Communications, LLC","Kids and Cash lesson","k-5","Free","http://school.discoveryeducation.com/lessonplans/programs/kidsandcash/"
"Discovery Communications, LLC","Bucks, Banks, and Business lesson","6-8","Free","http://school.discoveryeducation.com/lessonplans/programs/bucksbanksandbusiness/"
"Money Management International (a nonprofit)","Lessons","k-12","Free on Request","http://www.fefe.arizona.edu/"
"National Council of Teachers of Mathematics","Mathalicious, some lessons with personal finance","6-8","Free","http://illuminations.nctm.org/LessonDetail.aspx?id=L804"
"National 4-H Curriculum","Be the ""E""-Entrepreneurship lessons","7-12","some free","http://new.4-hcurriculum.org/projects/entrepreneur/"
"National 4-H Curriculum","Consumer Savvy lessons","7-12","Free","http://new.4-hcurriculum.org/projects/consumer/"
"National 4-H Curriculum","Financial Champions lessons","7-12","Fee","http://www.4-hmall.org/Category/4-hcurriculum-financial.aspx"
"National Council of Teachers of Mathematics","The Cost of Being Late lesson","9-12","Free","http://illuminations.nctm.org/LessonDetail.aspx?id=L804"
"Sesame Workshop","Talking Cents lesson bundle and activities","P-2 ","Free","http://www.sesameworkshop.org/initiatives/literacy/talkingcents"
"Sesame Workshop","for me, for you, for later","P-2","Free","http://www.sesamestreet.org/parents/save/educators"
"SIFMA Foundation for Investor Education","Companion game lessons","k-12","Free","http://www.smgww.org/"
"Snigglezoo Entertainment","The Money Mammals books, DVDs, products","p-3","Fee","http://www.themoneymammals.com/about.php"
"Take Charge America, Inc. (a nonprofit)","Lessons","1-5","Free","http://takechargeamerica.org/financial-education-resources/educator-resources/"
"Verizon Foundation","Thinkfinity: Economics Lessons","k-12","Free","http://thinkfinity.org/lesson-plans"
"Verizon Foundation","Thinkfinity: personal finance coming soon","k-12","Free","http://thinkfinity.org/21st-century-skills"
"U.S. Bancorp","Escape from Knab simulation, monthly lesson","6-10","Free","http://www.escapefromknab.com/educational.html"
"U.S. General Services Administration","Kids.Gov, kids portal for the U.S. government, lessons","k-8","Free","http://www.kids.gov/"
"U.S. Mint","Lessons and activities","k-12","Free","http://www.usmint.gov/kids/teachers/"
"USA Today newspaper","Entrepreneurship lessons","5-12","Free","http://usatodayeducate.com/wordpress/index.php/lesson-library-entrepreneurship"
"USA Today newspaper","Financial Literacy lessons","5-12","Free","http://usatodayeducate.com/wordpress/index.php/lesson-library-financial-literacy"
"USA Today newspaper","Money Matters 101 lessons","5-12","Free","http://usatodayeducate.com/wordpress/index.php/money-matters-101"
"Wall Street Journal newspaper","Wall Street Journal Classroom (lessons, activities)","9-12","Free","http://www.wsjclassroomedition.com/cre/teachers.html"
"Capitol One/Junior Achievement Finance Park","4-week curriculum + on-site budget simulation","5-8","Free","http://www.ja.org/programs/programs_mid_park_mobile.shtml"
"Classroom, Inc.","Career simulations in finance","6-12","Free","http://www.classroominc.org/node/7"
"Council for Economic Education","Gen i Revolution game","9-12","Free","http://www.genirevolution.org/"
"Council for Economic Education","Minyanland simulation for money management","3-6","Free","http://www.minyanland.com/"
"Federal Reserve Bank of Richmond","Interactive games and activities","3-9","Free","http://www.richmondfed.org/education/for_students/interactive_games_and_learning/index.cfm"
"Federal Reserve Bank of Richmond","Personal Finance and Wealth Management Career","7-12","Free","http://www.richmondfed.org/education/for_students/interactive_games_and_learning/index.cfm"
"I Support Learning","Simulation","College","Fee","http://www.isupportlearning.com/personal-finance-and-wealth-management/"
"Norm Hill Entertainment, Ltd.","The Â¢entsables (lessons, games, puzzles, exercises)","k-5","Free","http://www.centsables.com/index.html"
"Pearson Education, Inc.","FunBrain.com Change Maker games","k-8","Free","http://www.funbrain.com/cashreg/index.html"
"SIFMA Foundation for Investor Education","The Stock Market GameT","4-12","Free","http://www.smgww.org/"
"SIFMA Foundation for Investor Education","InvestWrite Competition","4-12","Free","http://www.investwrite.info/"
"TD Bank","Wow!Zone Game Room","p-5","Free","http://www.tdbank.com/community/our_community.html"
"TD Bank","Wow!Zone Stock Market Game","9-12","Free","http://www.tdbank.com/community/our_community.html"
"TimeMAPS from Reality Works, Inc","TimeMAPS simulation","9-12","Fee","http://www.timemaps.biz/"
"Verizon Foundation","Thinkfinity: National Budget Simulation","9-12","Free","http://www.econedlink.org/lessons/index.php?lid=306&type=educator"
"Visa and the NFL","Financial Football game","9-12","Free","http://www.practicalmoneyskills.com/games/trainingcamp/ff/"
"Visa and FIFA","Financial Soccer game","9-12","Free","http://www.financialsoccer.com/"
