"Provider of Programs/Curricula/Lesson Bundles","Product Name","Grade Level(s)","Cost: Free? Fee?","Location"
"The Actuarial Foundation ","Building Your Future ","9+,college","Free","http://www.actuarialfoundation.org/programs/youth/BuildingYourFuture.shtml"
"American Financial Services ","MoneySKILL","9-12","Free","http://www.moneyskill.org/"
"Association Foundation ","Money Matters: Make It Count ","6-12","Free","http://www.aboutschwab.com/community/financial-literacy/money-matters.html"
"Charles Schwab Foundation (through the Boys & Girls Clubs of America) ","Financial Fitness for Life ","k-12","Fee","http://fffl.councilforeconed.org/"
"Council for Economic Education ","Financing Your Future ","9-12","Fee","http://financingyourfuture.councilforeconed.org/"
"Council for Economic Education","It All Adds Up","7-12","Free","http://www.italladdsup.org/"
"Council for Economic Education","Learning, Earning and Investing ","9-12","Fee","http://lei.councilforeconed.org/"
"Council for Economic Education ","Risky Business ","9-12","Fee","http://riskybusiness.councilforeconed.org/"
"Council for Economic Education ","Foundations in Personal Finance ","9-12","Fee","http://www.daveramsey.com/school"
"Dave Ramsey (radio host, author) ","Foundations in Personal Finance College Edition ","9-12","Fee","http://www.daveramsey.com/school/college/"
"Dave Ramsey (radio host, author) ","Financial Literacy Platform for High Schools","9-12","Free","http://www.everfi.com/curriculum.php"
"EverFi ","Buttonwood","College","Free","http://www.everfi.com/curriculum.php"
"Federal Deposit Insurance Corporation (FDIC) ","Money Smart ","9-12","Free","http://www.fdic.gov/consumers/consumer/moneysmart/index.html"
"Federal Reserve Bank of Philadelphia","Keys to Financial Success course","9-12","Free","http://www.philadelphiafed.org/education/teachers/resources/keys-to-financial-success/index.cfm"
"Goodheart-Willcox Publishers","Foundations of Personal Finance online course","Grades 9+, college","Free","http://www.g-w.com/SelectedBook.aspx?CatID=1&BookID=400"
"The Hartford ","Playbook for Life ","College","Free","http://www.playbook.thehartford.com/servlet/Satellite?c=Page&cid=1107278955817&nt_page_id=1107278955817& pagename=Playbook/Page/PB_HomePage"
"Higher Education Student Assistance Authority (NJ) ","Real Money 101 ","College","Free","http://www.hesaa.org/index.php?page=real-money-101a"
"ING LearnKey, a Division of LearnForce Partners LLC","Planet Orange ","1-6","Free","http://www.orangekids.com/"
"Life and Health Insurance Foundation for Education (LIFE)","Financial Literacy product (5 lessons)","9-12","Fee","http://www.learnkey.com/edu_bundles"
"NextGen3 ","Traveling at the Speed of Life","9-12","Free","http://www.nextgen3.org"
"Money U ","Money U ","'Grades 10+, college","Fee","http://www.moneyu.com/"
"Muriel F. Siebert Foundation, Inc. ","Money$tars ","6-8","Free","https://www.siebertnet.com/html/StartAboutPFP.aspx"
"Muriel F. Siebert Foundation, Inc. ","Taking Control of Your Financial Future ","9-12","Free","https://www.siebertnet.com/html/StartAboutPFP.aspx"
"National Endowment for Financial Education (NEFE) ","Asset Management (3lessons)","9-12","Free","http://www.pbs.org/teachers/access-analyze-act-economy/curriculum/assets/asset-management"
"USA Today newspaper","High School Financial Planning Program (HSFPP) ","9-12","Free","http://hsfpp.nefe.org/"
"Public Broadcasting System (PBS) ","Net Gain: Scoring Points for Your Financial Future","8-12","Free","http://usatodayeducate.com/wordpress/index.php/personal-finance-net-gain/"
"TD Bank ","Wow!Zone (1 lesson)","k-1","Free","http://www.tdbank.com/community/our_community.html"
"TD Bank ","Wow!Zone (3 lesson)","2-3","Free","http://www.tdbank.com/community/our_community.html"
"TD Bank ","Wow!Zone (4 lesson)","4-5","Free","http://www.tdbank.com/community/our_community.html"
"TD Bank ","Wow!Zone (5 lesson)","6-8","Free","http://www.tdbank.com/community/our_community.html"
"TD Bank ","Wow!Zone (7 lesson)","9-12","Free","http://www.tdbank.com/community/our_community.html"
"U.S. Department of the Treasury ","Money Math: Lessons for Life (4 lessons)","7-9","Free","http://www.mymoney.gov/content/money-math-lessons-life.html"
"Visa","Practical Money Skills for Life (4 lessons)","P-2","Free","http://www.practicalmoneyskills.com/foreducators/lesson_plans/"
"Visa","Practical Money Skills for Life (4 lessons)","3-6","Free","http://www.practicalmoneyskills.com/foreducators/lesson_plans/"
"Visa","Practical Money Skills for Life (14 lessons)","7-12","Free","http://www.practicalmoneyskills.com/foreducators/lesson_plans/"
"Wells Fargo-Wachovia","Hands on Banking: Kids","k-5","Free","http://www.handsonbanking.org/en/"
"Hands on Banking: Teens","Hands on Banking: Teens","6-8","Free","http://www.handsonbanking.org/en/"
"Hands on Banking: Young Adults","Hands on Banking: Young Adults","9-12","Free","http://www.handsonbanking.org/en/"
