"City of Woodbury","http://www.woodburyfd.com/"
"Glassboro Fire Department","http://www.glassborofiredept.com/"
"Aura Fire Company","http://www.elktownship.com/avfc.html"
"Billingsport Fire Company",
"Blackwood Terrace F.C.","http://www.blackwoodterracefire.org/"
"Bridgeport Fire Company",
"Cecil Fire Company","http://www.cecilfire.org/"
"Clayton EMS",
"Clayton Fire Department",
"Colonial Manor Fire Company",
"Deptford Twp. ESU (EMS)",
"Deptford Twp. Fire District","http://www.deptfordfd.org/"
"East  Greenwich Fire District","http://www.egtfr.org/"
"East Greenwich Fire Company",
"Ewan Fire Company","http://home.comcast.net/~ewanfire/ewan-fire.html"
"Ferrell Fire Company",
"Forrest Grove Fire Company",
"Franklin Twp. EMS",
"Franklinville Fire Company",
"Friendship Fire Company","http://www.whfdnj.org/"
"Gibbstown Fire Department","http://www.gibbstownfire.com/"
"Goodwill Fire Company","http://squad294.org/"
"Greenfields Fire Company","http://www.greenfieldsfire.com/"
"Grenloch Fire Company",
"Harmony Fire Company","http://www.harmonyfirerescue.com/"
"Highland Chemical Company",
"Hurffville Fire Company",
"Janvier Fire Company",
"Lawns Fire Company",
"Malaga Fire Company",
"Mantua Township Fire Department","http://www.mtfd22.com/"
"Monroe Ambulance & Rescue",
"Monroe Twp. EMS",
"Mt. Royal Fire Company",
"National Park Fire Department","http://www.nationalparkfd.com/"
"New Sharon Fire Company",
"Newfield Fire Department",
"Oak Valley Fire Company","http://www.oakvalleyfd.com/"
"Paulsboro Fire Company","http://www.paulsborofire.com/"
"Pitman #1 Fire Company",
"Pitman Fire Patrol","http://www.freewebs.com/pitman281/"
"Repaupo Fire Company",
"Rowan University EMS","http://www.rowan.edu/open/safety/ems/"
"Sewell Fire Company & Banquet Hall","http://www.sewellfireco.com/"
"South Harrison EMS","http://www.digbysystems.com/usa-36-9/"
"South Harrison Fire Department","http://www.digbysystems.com/station-36-1/index.html"
"Star Cross Fire Company",
"Tacoma Fire Company","http://www.tacomafire.org/"
"Thorofare Fire Company","http://www.thorofarefd.com/"
"Verga Fire Company",
"Washington Twp. EMS","http://squad10-9.org"
"Washington Twp. Fire District",
"Wenonah Fire Company",
"Westville Fire Department","http://www.westvillefd.com/"
"Whitman Square Fire Company",
"Williamstown Fire Department","http://www.wfd291.com/"
"Woodbury Heights Fire Company","http://www.whfdnj.org/"
"Woolwich Fire Company",
